Dependent Variable,Product,Geography,Variables,Detailed Group,Broad Group,Historical Dep. Variable Sum,Take Rate Elasticity,Base in Latest Week,Life Curve in Latest Week,Life Curve Annual Decay Rate,Historical Spend Full Model Period,Historical Raw Causal Sum Full Model Period,"Historical Causal Sum After Adstocking, Full Model Period",Historical Causal Sum After Adstocking And Curve Applied,Corporate Activity,Coefficient,Driver1,Symmetry,Volume1,Linearity Increment,Linearity Weight,SPEND_A,SPEND_B,SPEND_C,SPEND_D,SUPPORT_A,SUPPORT_B,SUPPORT_C,SUPPORT_D,Media Metric,CPP Measure,Start Date_Full_Model,End Date_Full_Model,CPP_Full_Model,Spends_Full_Model,Number of Weeks_Full_Model,Total Sales_Full_Model,Total Base Sales_Full_Model,Avg Causal Raw_Full_Model,Execution Weeks_Full_Model,Decomps_Full_Model,MSRP_Full_Model,ST ROI_Full_Model,Elasticity_Full_Model,Start Date_Latest_Year,End Date_Latest_Year,CPP_Latest_Year,Spends_Latest_Year,Number of Weeks_Latest_Year,Total Sales_Latest_Year,Total Base Sales_Latest_Year,Avg Causal Raw_Latest_Year,Execution Weeks_Latest_Year,Decomps_Latest_Year,MSRP_Latest_Year,ST ROI_Latest_Year,Elasticity_Latest_Year,Start Date_Prior_Year,End Date_Prior_Year,CPP_Prior_Year,Spends_Prior_Year,Number of Weeks_Prior_Year,Total Sales_Prior_Year,Total Base Sales_Prior_Year,Avg Causal Raw_Prior_Year,Execution Weeks_Prior_Year,Decomps_Prior_Year,MSRP_Prior_Year,ST ROI_Prior_Year,Elasticity_Prior_Year
Sales,Refrigerator,National,Digital - Display REFRIGERATOR NAT,DIGITAL,Media,882289,0,2573.941388,1,0,360332,39215.83875,39254.1729,0.005162024,0,96.93697428,0.0005,2,1,0,0,8048.087439,15600.0599,"24,718",37373.99509,729.2871094,1413.618164,2239.810547,3386.689453,Impressions,CPP,06-Dec-15,02-Dec-18,9.188430274,360332,157,882289,838007.7575,249.7824124,32,1313.670586,2810,12.378366,,10-Dec-17,02-Dec-18,11.03555422,354332,52,314667,287462,617.4657644,26,1067.895721,3467.979553,10.75446331,,11-Dec-16,03-Dec-17,0.844164551,6000,52,315772,309769.2909,136.6849808,6,245.774865,2677.81696,108.2784806,
Sales,Refrigerator,National,Digital - Facebook REFRIGERATOR,DIGITAL,Media,882289,0,2573.941388,1,0,178641.9503,5535.9255,6718.422313,0.000531479,0,209.4587732,0.00125,2,1,0,0,7839.076383,15168.07588,"24,027",36376.53596,240.6056319,465.5554179,737.4727416,1116.509011,Impressions,CPP,06-Dec-15,02-Dec-18,32.26957269,178641.9503,157,882289,838007.7575,35.26067197,23,734.1488041,2810,14.97910187,,10-Dec-17,02-Dec-18,32.58060221,178029.5298,52,314667,287462,105.0823058,18,733.4110431,3467.979553,15.02045014,,11-Dec-16,03-Dec-17,0,0,52,315772,309769.2909,0,0,0,2677.81696,0,
Sales,Refrigerator,National,Digital - YouTube REFRIGERATOR,DIGITAL,Media,882289,0,2573.941388,1,0,92886.09863,8062.461,9345.247601,0.054877246,0,311.1992323,0.000425,2,1,0,0,8528.000115,16539.15174,"26,210",39658.18235,740.2256027,1435.589048,2275.029038,3442.307873,Impressions,CPP,06-Dec-15,02-Dec-18,11.52081215,92886.09863,157,882289,838007.7575,51.35325478,10,454.1302711,2810,19.76900478,,10-Dec-17,02-Dec-18,11.52081215,92886.09863,52,314667,287462,155.0473269,10,454.1302711,3467.979553,19.76900478,,11-Dec-16,03-Dec-17,0,0,52,315772,309769.2909,0,0,0,2677.81696,0,
Sales,Refrigerator,National,OOH Duvar ALL,OOH,Media,882289,0,2573.941388,1,0,4457658.352,4457658.352,5389689.131,83.3769365,0,166.4217888,0.000038,2,1,0,0,7585.813251,11378.71988,"11,379",15171.6265,14048.56592,21072.84887,21072.84887,28097.13183,Spends,CPP,06-Dec-15,02-Dec-18,1,4457658.352,157,882289,838007.7575,28392.72836,97,10069.63768,2810,7.709292643,,10-Dec-17,02-Dec-18,1,3673099.736,52,314667,287462,70636.53339,52,8653.727992,3467.979553,8.217164422,,11-Dec-16,03-Dec-17,1,784558.6161,52,315772,309769.2909,15087.66569,45,1207.674563,2677.81696,4.706371988,
Sales,Refrigerator,National,OOH Totem ALL,OOH,Media,882289,0,2573.941388,1,0,1332990.741,1332990.741,1618785.348,74.66411998,0,13.1894258,9.43E-05,2,1,0,0,3211.459689,6175.884017,"9,799",14822.12164,3211.459689,6175.884017,9799.069307,14822.12164,Spends,Other,06-Dec-15,02-Dec-18,0.25,55541.28086,157,882289,838007.7575,1415.064481,120,1268.834186,3032,69.26569195,,10-Dec-17,02-Dec-18,0.25,10585.33702,52,314667,287462,814.2566937,52,549.7683815,3467.979553,157.4723346,,11-Dec-16,03-Dec-17,0.25,36577.80765,52,315772,309769.2909,2813.677511,52,668.4480521,2677.81696,55.40885648,
Sales,Refrigerator,National,PR and Sponsorship,PR,Media,882289,0,2573.941388,1,0,2967058.45,2967058.45,3604192.214,66.4244143,1,58.54660701,0.000083,2,1,0,0,3792.906626,7585.813251,"11,379",18964.53313,3792.906626,7585.813251,11378.71988,18964.53313,Spends,CPP,06-Dec-15,02-Dec-18,1,2967058.45,157,882289,838007.7575,18898.46147,123,6613.81663,2810,6.279437479,,10-Dec-17,02-Dec-18,1,1424588.613,52,314667,287462,27395.93487,40,2283.696068,3467.979553,5.211901021,,11-Dec-16,03-Dec-17,1,558500.5152,52,315772,309769.2909,10740.39452,40,2351.705795,2677.81696,11.55489238,
Sales,Refrigerator,National,TV M Derin Dondurucu Kampanya,TV M,Media,882289,0,2573.941388,1,0,1380420.6,931.64,2847.462047,14.9964979,0,1543.391757,0.00345,2,1,0,0,45814.2326,87774.93163,"139,155",210659.8359,35.00853684,67.0724304,106.3343409,160.973833,GRPs,CPP,06-Dec-15,02-Dec-18,1481.710317,1380420.6,157,882289,838007.7575,5.934012739,6,6573.478279,2810,13.43998399,,10-Dec-17,02-Dec-18,1308.65888,488483.1,52,314667,287462,7.178269231,2,2936.000908,3467.979553,20.39386537,,11-Dec-16,03-Dec-17,0,0,52,315772,309769.2909,0,0,3.3025757,2677.81696,0,
Sales,Refrigerator,National,TV M Enerji Kampanyasi,TV M,Media,882289,0,2573.941388,1,0,392742.02,230.6746667,461.3493334,4.746089534,0,1460.517941,0.003805,2,1,0,0,82575.11864,158339.9182,"251,131",379675.2878,48.5,93,147.5,223,GRPs,CPP,06-Dec-15,02-Dec-18,1702.579766,392742.02,157,882289,838007.7575,1.469265393,3,1270.16737,2810,10.46116871,,10-Dec-17,02-Dec-18,1702.579766,392742.02,52,314667,287462,4.436051283,3,1270.16737,3467.979553,10.46116871,,11-Dec-16,03-Dec-17,0,0,52,315772,309769.2909,0,0,0,2677.81696,0,
Sales,Refrigerator,National,TV M Fiyat & Promosyon,TV M,Media,882289,0,2573.941388,1,0,1989641.117,1332.833,4550.576382,10.44299931,0,339.6202624,0.002487,2,1,0,0,53563.55874,103146.0422,"163,224",246464.7534,43.34819755,83.47456961,132.0948452,199.4602874,GRPs,CPP,06-Dec-15,02-Dec-18,1492.791008,1989641.117,157,882289,838007.7575,8.489382165,13,2159.190364,2810,2.85126364,,10-Dec-17,02-Dec-18,1235.658269,344054.217,52,314667,287462,5.354576923,2,418.4619674,3467.979553,3.902018422,,11-Dec-16,03-Dec-17,1804.038462,808642.2,52,315772,309769.2909,8.619999999,5,709.6491822,2677.81696,2.314446672,
Sales,Refrigerator,National,TV M Imaj,TV M,Media,882289,0,2573.941388,1,0,3664489.23,2014.927667,6740.813651,22.74217633,0,982.036362,0.002384,2,1,0,0,73831.06507,142388.4826,"225,329",340869.3978,46.03284955,88.77763842,140.4898655,212.5282859,GRPs,CPP,06-Dec-15,02-Dec-18,1818.670362,3664489.23,157,882289,838007.7575,12.83393418,11,8707.747694,2810,8.018599667,,10-Dec-17,02-Dec-18,1603.877791,2365244.46,52,314667,287462,28.3596859,8,6393.265543,3467.979553,10.03762301,,11-Dec-16,03-Dec-17,0,0,52,315772,309769.2909,0,0,0.000513384,2677.81696,0,
Sales,Refrigerator,National,TV NM Derin Dondurucu Kampanya,TV NM,Media,882289,0,2573.941388,1,0,369385.8,242.2201967,294.2338918,4.863001473,0,3709.948807,0.00836,2,1,0,0,56493.69928,106710.3209,"168,226",254849.3545,37.04504871,69.9739809,110.3119228,167.1143309,GRPs,CPP,06-Dec-15,02-Dec-18,1525,369385.8,157,882289,838007.7575,1.542803801,5,1493.329751,2810,10.28374427,,10-Dec-17,02-Dec-18,1525,79011.6,52,314667,287462,0.996363178,2,496.2773927,3467.979553,19.72126069,,11-Dec-16,03-Dec-17,0,0,52,315772,309769.2909,0,0,0,2677.81696,0,
Sales,Refrigerator,National,TV NM FIC,TV NM,Media,882289,0,2573.941388,1,0,780476.262,511.7877128,747.1138163,17.35572994,0,159.9312144,0.022246,2,1,0,0,17759.13678,33428.96335,"52,233",79393.78796,11.64533559,21.92063171,34.25098704,52.0615003,GRPs,CPP,06-Dec-15,02-Dec-18,1525,780476.262,157,882289,838007.7575,3.259794349,18,1821.648917,2810,7.256276303,,10-Dec-17,02-Dec-18,1525,679646.1275,52,314667,287462,8.570569073,14,1470.399303,3467.979553,7.021656638,,11-Dec-16,03-Dec-17,1525,100830.1346,52,315772,309769.2909,1.271502328,4,351.2496142,2677.81696,8.837731558,
Sales,Refrigerator,National,TV NM Imaj,TV NM,Media,882289,0,2573.941388,1,0,1270691.9,833.2405902,1437.614416,15.16799639,0,178.2983422,0.015092,2,1,0,0,22097.23076,41542.79383,"65,408",99879.48304,14.48998738,27.24117628,42.89036266,65.49474298,GRPs,CPP,06-Dec-15,02-Dec-18,1525,1270691.9,157,882289,838007.7575,5.307264906,17,1801.441921,2810,3.969021533,,10-Dec-17,02-Dec-18,1525,299131.26,52,314667,287462,3.772147037,8,477.9682852,3467.979553,6.090651339,,11-Dec-16,03-Dec-17,1525,348675.6,52,315772,309769.2909,4.396918033,3,464.9039766,2677.81696,3.294994967,
Sales,Cooking,National,CINEMA,CINEMA,Media,1155320,0,4730.285353,1,0,416759.44,2642.125715,3209.488481,0.012053456,0,537.2611059,0.00275,2,1,0,0,17400.20731,33501.8917,52979.73571,79859.16045,110.3119228,212.3916126,335.8751083,506.2823324,Spends,CPP,06-Dec-15,02-Dec-18,157.7364157,416759.44,157,1155320,1091214.895,16.82882621,16,2962.516428,1055.84953,6.971932952,,10-Dec-17,02-Dec-18,166.2496454,133614.84,52,346151.9099,328461.3362,15.45576923,4,845.8206559,1224.87,6.549162843,,11-Dec-16,03-Dec-17,250.1272099,131857.06,52,420224.916,397811.2188,10.13769231,3,605.6829379,1075.28,4.896725808,
Sales,Cooking,National,Digital - Display MC,DIGITAL,Media,1155320,0,4730.285353,1,0,3098013.913,67686.8553,69870.30224,0.007753607,1,470.7693479,0.0012,2,1,0,0,13479.20646,26115.96252,41368.74878,62518.68787,294.5,570.59375,903.84375,1365.9375,Impressions,CPP,06-Dec-15,02-Dec-18,45.76980123,3098013.913,157,1155320,1091214.895,431.1264669,90,10766.17109,1055.84953,3.404016607,,10-Dec-17,02-Dec-18,40.36932869,120103.25,52,346151.9099,328461.3362,56.13417736,9,518.4358959,1224.87,5.248085555,,11-Dec-16,03-Dec-17,25.65635636,709973.9922,52,420224.916,397811.2188,532.1623154,36,3791.595495,1075.28,5.775096892,
Sales,Cooking,National,Digital - VOD MC,DIGITAL,Media,1155320,0,4730.285353,1,0,457944.35,9810.272,11916.90268,0.043607075,1,900.812462,0.000517034,2,1,0,0,27130.26362,52569.68929,83312.19766,126044.2842,581.1956531,1126.169481,1784.748125,2700.172439,Impressions,CPP,06-Dec-15,02-Dec-18,46.68008695,457944.35,157,1155320,1091214.895,62.48580892,41,2653.426933,1055.84953,6.347263058,,10-Dec-17,02-Dec-18,52.87103894,129576.025,52,346151.9099,328461.3362,46.24139623,5,515.6306035,1224.87,4.845407252,,11-Dec-16,03-Dec-17,44.90253551,315768.325,52,420224.916,397811.2188,135.2366346,32,1952.480962,1075.28,6.702377107,
Sales,Cooking,National,Digital - YouTube COOKING,DIGITAL,Media,1155320,0,4730.285353,1,0,124118.0441,7851.528,8104.803096,0.013338502,0,1036.880954,0.00048789,2,1,0,0,11454.97255,22205.49491,35176.56677,53216.61712,724.625,1404.6875,2225.21875,3366.40625,Impressions,CPP,06-Dec-15,02-Dec-18,15.80813876,124118.0441,157,1155320,1091214.895,50.00973248,11,1464.18625,1055.84953,14.04465371,,10-Dec-17,02-Dec-18,15.77156041,112131.9305,52,346151.9099,328461.3362,134.1463208,10,1242.103001,1224.87,13.24361499,,11-Dec-16,03-Dec-17,16.15873546,11986.11368,52,420224.916,397811.2188,14.26486538,1,222.083249,1075.28,21.53849366,
Sales,Cooking,National,OOH Duvar ALL,OOH,Media,1155320,0,4730.285353,1,0,1430846.912,1430846.912,1737056.893,17.16764407,0,87.24985506,0.000026,2,1,0,0,13190.95705,26381.91409,39572.87114,52763.82818,13190.95705,26381.91409,39572.87114,52763.82818,Spends,CPP,06-Dec-15,02-Dec-18,1,1430846.912,157,1155320,1091214.895,9113.674601,97,1661.340795,1055.84953,1.312997322,,10-Dec-17,02-Dec-18,1,646288.2963,52,346151.9099,328461.3362,12194.1188,52,647.4328289,1224.87,1.194758477,,11-Dec-16,03-Dec-17,1,784558.6161,52,420224.916,397811.2188,15087.66569,45,1013.907966,1075.28,1.410397797,
Sales,Cooking,National,PR and Sponsorship,PR,Media,1155320,0,4730.285353,1,0,2967058.45,2967058.45,3164862.338,24.52793564,1,121.6613394,0.000033,2,1,0,0,8388.251306,25164.75392,33553.00523,41941.25653,8388.251306,25164.75392,33553.00523,41941.25653,Other,CPP,06-Dec-15,02-Dec-18,1,2967058.45,157,1155320,1091214.895,18898.46147,123,10414.56052,1055.84953,3.796368259,,10-Dec-17,02-Dec-18,1,1424588.613,52,346151.9099,328461.3362,26879.03044,40,3855.329611,1224.87,3.18605209,,11-Dec-16,03-Dec-17,1,558500.5152,52,420224.916,397811.2188,10740.39452,40,3485.173975,1075.28,6.865394917,
Sales,Cooking,National,PRINT,PRINT,Media,1155320,0,4730.285353,1,0,229198.4731,176.0000006,176.0000006,24.78698312,0,23.68725329,0.238832,2,1,0,0,2516.475392,4194.125653,5871.775915,16776.50261,1.932384909,3.220641515,4.508898121,12.88256606,Other,CPP,06-Dec-15,02-Dec-18,1302.264047,229198.4731,157,1155320,1091214.895,1.121019112,61,769.0796483,1055.84953,3.47440704,,10-Dec-17,02-Dec-18,1602.749733,88151.23656,52,346151.9099,328461.3362,1.037735864,17,238.9968223,1224.87,3.023818474,,11-Dec-16,03-Dec-17,1195.364529,78739.81828,52,420224.916,397811.2188,1.266749378,19,294.8499274,1075.28,3.969150195,
Sales,Cooking,National,TV M Ankastre Set & Satis Kampanyasi,TV M,Media,1155320,0,4730.285353,1,0,997548.3,557,1901.716955,10.88606726,0,198.2770514,0.002534737,2,1,0,0,76059.95372,146349.842,231851.721,350924.8899,42.46951673,81.71720805,129.4588027,195.9455634,GRPs,CPP,06-Dec-15,02-Dec-18,1790.930521,997548.3,157,1155320,1091214.895,3.547770701,4,4758.649232,1055.84953,5.14102369,,10-Dec-17,02-Dec-18,0,0,52,346151.9099,328461.3362,0,1,0.027032951,1224.87,0,,11-Dec-16,03-Dec-17,1790.930521,997548.3,52,420224.916,397811.2188,10.71153846,4,4758.622199,1075.28,5.140990763,
Sales,Cooking,National,TV M Ankastre Set Kampanyasi,TV M,Media,1155320,0,4730.285353,1,0,3054841.521,1667.447667,5693.02134,6.196955278,0,1833.566529,0.002208583,2,1,0,0,89074.6165,172246.6982,272589.7903,411567.6558,48.6202837,94.01874137,148.7897839,224.6491422,GRPs,CPP,06-Dec-15,02-Dec-18,1832.046416,3054841.521,157,1155320,1091214.895,10.62068577,18,9973.827318,1055.84953,3.272013698,,10-Dec-17,02-Dec-18,1627.782609,471731.4,52,346151.9099,328461.3362,5.467924528,2,2238.662177,1224.87,4.924553444,,11-Dec-16,03-Dec-17,1854.308663,809758.05,52,420224.916,397811.2188,8.397884615,4,2832.267979,1075.28,3.797172756,
Sales,Cooking,National,TV M Ceyiz Kampanyasi,TV M,Media,1155320,0,4730.285353,1,0,398844.39,211.295,721.3686297,8.662562055,1,646.6776133,0.003931158,2,1,0,0,65658.51095,125729.0635,199071.0172,301749.7525,34.78377888,66.60723615,105.4614572,159.8573668,GRPs,CPP,06-Dec-15,02-Dec-18,1887.618685,398844.39,157,1155320,1091214.895,1.345828025,2,1120.514565,1055.84953,3.315603816,,10-Dec-17,02-Dec-18,1887.618685,398844.39,52,346151.9099,328461.3362,3.986698113,2,1120.514565,1224.87,3.315603816,,11-Dec-16,03-Dec-17,0,0,52,420224.916,397811.2188,0,0,0,1075.28,0,
Sales,Cooking,National,TV M Fiyat & Promosyon,TV M,Media,1155320,0,4730.285353,1,0,1253346.45,878.38,3187.51576,13.19228085,0,485.210076,0.002515078,2,1,0,0,57407.89868,110883.7495,175369.3343,264626.8206,40.23304971,77.71041108,122.9036998,185.457825,GRPs,CPP,06-Dec-15,02-Dec-18,1426.884094,1253346.45,157,1155320,1091214.895,5.59477707,9,3062.390734,1055.84953,2.4525246,,10-Dec-17,02-Dec-18,1529.623473,416401.75,52,346151.9099,328461.3362,5.136320755,3,793.542735,1224.87,2.61995004,,11-Dec-16,03-Dec-17,0,0,52,420224.916,397811.2188,0,0,3.54E-07,1075.28,0,
Sales,Cooking,National,TV M Imaj,TV M,Media,1155320,0,4730.285353,1,0,561351.64,339.4053333,1158.79999,8.140762658,0,973.0170737,0.003120885,2,1,0,0,57162.14539,109964.4662,173908.5609,263042.7539,34.56146848,66.48689276,105.1488744,159.0413338,GRPs,CPP,06-Dec-15,02-Dec-18,1653.926986,561351.64,157,1155320,1091214.895,2.16181741,3,2236.184755,1055.84953,4.17081732,,10-Dec-17,02-Dec-18,1653.926986,561351.64,52,346151.9099,328461.3362,6.403874213,3,2236.184755,1224.87,4.17081732,,11-Dec-16,03-Dec-17,0,0,52,420224.916,397811.2188,0,0,0,1075.28,0,
Sales,Cooking,National,TV NM Ankastre Set & Satis Kampanyasi,TV NM,Media,1155320,0,4730.285353,1,0,266520,174.7672131,349.534426,5.813304434,0,55.22338888,0.010988592,2,1,0,0,30049.76043,57448.07141,90149.2813,136107.7384,19.70476094,37.6708665,59.11428282,89.25097603,GRPs,CPP,06-Dec-15,02-Dec-18,1525,266520,157,1155320,1091214.895,1.113166962,5,1649.527714,1055.84953,6.584123394,,10-Dec-17,02-Dec-18,0,0,52,346151.9099,328461.3362,0,1,6.70E-09,1224.87,0,,11-Dec-16,03-Dec-17,1525,266520,52,420224.916,397811.2188,3.360907944,5,1649.527714,1075.28,6.584123394,
Sales,Cooking,National,TV NM Ankastre Set Kampanyasi,TV NM,Media,1155320,0,4730.285353,1,0,1661843.19,1089.733239,1880.303458,15.74707425,0,424.6235424,0.01154898,2,1,0,0,29165.94395,54796.62197,85730.19889,129037.2066,19.12520915,35.93221113,56.21652386,84.61456169,GRPs,CPP,06-Dec-15,02-Dec-18,1525,1661843.19,157,1155320,1091214.895,6.940976047,23,5770.878531,1055.84953,3.330052446,,10-Dec-17,02-Dec-18,1525,151935,52,346151.9099,328461.3362,1.879802041,2,532.1735629,1224.87,3.492666776,,11-Dec-16,03-Dec-17,1525,230338.5,52,420224.916,397811.2188,2.904646911,4,782.2292667,1075.28,3.710878641,
Sales,Cooking,National,TV NM Ceyiz Kampanyasi,TV NM,Media,1155320,0,4730.285353,1,0,113158.5,74.20229509,76.59591752,2.14225727,1,2648.317755,0.008909367,2,1,0,0,62048.4375,118187.5,186145.3125,280695.3125,40.6875,77.5,122.0625,184.0625,GRPs,CPP,06-Dec-15,02-Dec-18,1525,113158.5,157,1155320,1091214.895,0.472626083,2,581.8158183,1055.84953,5.848923159,,10-Dec-17,02-Dec-18,1525,113158.5,52,346151.9099,328461.3362,1.400043304,2,581.8158183,1224.87,5.848923159,,11-Dec-16,03-Dec-17,0,0,52,420224.916,397811.2188,0,0,0,1075.28,0,
Sales,Cooking,National,TV NM FIC,TV NM,Media,1155320,0,4730.285353,1,0,410499.8152,269.1802067,482.541887,5.996071589,0,332.190282,0.01144891,2,1,0,0,28073.19793,52743.58398,83368.89081,125904.0392,18.40865438,34.58595671,54.66812512,82.56002569,GRPs,CPP,06-Dec-15,02-Dec-18,1525,410499.8152,157,1155320,1091214.895,1.714523609,5,1170.558263,1055.84953,2.906329974,,10-Dec-17,02-Dec-18,1525,410499.8152,52,346151.9099,328461.3362,5.078871824,5,1170.558263,1224.87,2.906329974,,11-Dec-16,03-Dec-17,0,0,52,420224.916,397811.2188,0,0,0,1075.28,0,
Sales,Cooking,National,TV NM Fiyat & Promosyon,TV NM,Media,1155320,0,4730.285353,1,0,416826.14,273.3286164,471.6206904,6.508745667,0,25.30188999,0.015813784,2,1,0,0,21211.59561,39771.74176,62750.97032,94568.36371,13.90924302,26.07983066,41.14817726,62.01204178,GRPs,CPP,06-Dec-15,02-Dec-18,1525,416826.14,157,1155320,1091214.895,1.740946601,6,910.8679325,1055.84953,1.891001104,,10-Dec-17,02-Dec-18,0,0,52,346151.9099,328461.3362,0,1,0,1224.87,0,,11-Dec-16,03-Dec-17,0,0,52,420224.916,397811.2188,0,0,0,1075.28,0,
Sales,Cooking,National,TV NM Imaj,TV NM,Media,1155320,0,4730.285353,1,0,928301.154,608.7220683,888.6197504,7.755700862,0,647.5474872,0.007224392,2,1,0,0,53277.41008,102376.1998,161921.5404,245493.9484,34.93600661,67.13193428,106.1780593,160.9796383,GRPs,CPP,06-Dec-15,02-Dec-18,1525,928301.154,157,1155320,1091214.895,3.877210626,5,2178.620933,1055.84953,2.439796991,,10-Dec-17,02-Dec-18,1525,411719.154,52,346151.9099,328461.3362,5.093957984,3,1153.345398,1224.87,2.860700668,,11-Dec-16,03-Dec-17,1525,516582,52,420224.916,397811.2188,6.514274906,2,1025.275535,1075.28,2.104334071,
Sales,Dish Care,National,Digital - Display MC,DIGITAL,Media,694690,0,2589.333476,1,0,3098013.913,67686.8553,82221.74338,372.3893249,1,1862.773824,0.00080004,2,1,0,0,17181.51776,33308.03005,52787.95261,79878.98609,375.3898269,727.7294014,1153.33585,1745.233406,Impressions,CPP,06-Dec-15,02-Dec-18,45.76980123,3098013.913,157,694690,659676.3566,752.07617,90,18274.6914,1483.848576,7.990141607,,10-Dec-17,02-Dec-18,40.36932869,120103.25,52,199521.4213,194757.5839,330.5679333,9,1288.149156,1809.871105,17.3239662,,11-Dec-16,03-Dec-17,25.65635636,709973.9922,52,255542.4466,237858.8865,768.6789,36,9145.63901,1379.988248,18.07058196,
Sales,Dish Care,National,Digital - VOD MC,DIGITAL,Media,694690,0,2589.333476,1,0,457944.35,9810.272,9819.861709,51.02847027,1,5539.117203,0.00030703,2,1,0,0,55401.78711,107445.8901,170262.5629,257515.7141,1186.839844,2301.75,3647.43457,5516.607422,Impressions,CPP,06-Dec-15,02-Dec-18,46.68008695,457944.35,157,694690,659676.3566,239.2749268,41,2334.283129,1483.848576,7.541512927,,10-Dec-17,02-Dec-18,52.87103894,129576.025,52,199521.4213,194757.5839,490.1588,5,794.3117863,1809.871105,9.90047489,,11-Dec-16,03-Dec-17,44.90253551,315768.325,52,255542.4466,237858.8865,219.7595313,32,1512.202581,1379.988248,6.766927011,
Sales,Dish Care,National,PR and Sponsorship,PR,Media,694690,0,2589.333476,1,0,2967058.45,2967058.45,3062770.013,135.5743093,1,7.977153174,0.00011665,1,1,0,0,0,0,0,18069.78197,0,0,0,18069.78197,Impressions,CPP,06-Dec-15,02-Dec-18,1,2967058.45,157,694690,659676.3566,24122.42643,123,3805.50816,1483.848576,1.890062237,,10-Dec-17,02-Dec-18,1,1424588.613,52,199521.4213,194757.5839,35614.71534,40,1365.278533,1809.871105,1.60138352,,11-Dec-16,03-Dec-17,1,558500.5152,52,255542.4466,237858.8865,13962.51288,40,1433.802567,1379.988248,3.668341582,
Sales,Dish Care,National,TV M Degisim Kampanyasi,TV M,Media,694690,0,2589.333476,1,0,1881323.41,1166.546333,3982.838312,118.6244242,1,53.95275445,0.00292539,2,1,0,0,59517.04062,114310.5066,180912.9092,273967.3298,36.90454557,70.88015895,112.1781028,169.8780669,GRPs,CPP,06-Dec-15,02-Dec-18,1612.729264,1881323.41,157,694690,659676.3566,129.6162593,9,2913.44874,1483.848576,1.947906303,,10-Dec-17,02-Dec-18,0,0,52,199521.4213,194757.5839,0,1,4.90E-09,1809.871105,0,,11-Dec-16,03-Dec-17,1533.068198,1292850.72,52,255542.4466,237858.8865,140.5515556,6,2478.359517,1379.988248,2.414473382,
Sales,Dish Care,National,TV M Fiyat & Promosyon,TV M,Media,694690,0,2589.333476,1,0,1569098.167,998.9029999,2000.988235,78.68521204,0,255.819011,0.00570719,2,1,0,0,50970.50501,97236.04033,153695.6766,232895.9997,32.44831422,61.90139944,97.8441475,148.2638357,GRPs,CPP,06-Dec-15,02-Dec-18,1570.821358,1569098.167,157,694690,659676.3566,99.89029999,10,1820.796547,1483.848576,1.78825095,,10-Dec-17,02-Dec-18,1380.982501,760455.967,52,199521.4213,194757.5839,110.1326,5,903.4758059,1809.871105,2.143798184,,11-Dec-16,03-Dec-17,1804.038462,808642.2,52,255542.4466,237858.8865,89.64799999,5,917.3207411,1379.988248,1.453890442,
Sales,Dish Care,National,TV M Kampanya,TV M,Media,694690,0,2589.333476,1,0,555185.61,259.476,315.1951585,21.52947134,0,78.43160612,0.01340953,2,1,0,0,49319.27621,93354.34426,147957.8286,221936.743,23.05025253,43.63083515,69.1507576,103.7261364,GRPs,CPP,06-Dec-15,02-Dec-18,2139.64147,555185.61,157,694690,659676.3566,86.492,3,1411.768889,1483.848576,3.155146107,,10-Dec-17,02-Dec-18,0,0,52,199521.4213,194757.5839,0,1,0,1809.871105,0,,11-Dec-16,03-Dec-17,0,0,52,255542.4466,237858.8865,0,0,0.000339322,1379.988248,0,
Sales,Dish Care,National,TV NM Ceyiz Kampanyasi,TV NM,Media,694690,0,2589.333476,1,0,113158.5,74.20229509,118.0622538,20.7315321,1,331.9521859,0.01084342,2,1,0,0,33546.2637,63258.6687,98721.86175,148562.025,21.99754997,41.48109423,64.73564705,97.4177213,GRPs,CPP,06-Dec-15,02-Dec-18,1525,113158.5,157,694690,659676.3566,37.10114755,2,223.6409323,1483.848576,3.33115093,,10-Dec-17,02-Dec-18,1525,113158.5,52,199521.4213,194757.5839,37.10114755,2,223.6409323,1809.871105,3.33115093,,11-Dec-16,03-Dec-17,0,0,52,255542.4466,237858.8865,0,0,0,1379.988248,0,
Sales,Dish Care,National,TV NM Degisim Kampanyasi,TV NM,Media,694690,0,2589.333476,1,0,529121.85,346.9651475,598.6784134,41.03585378,1,42.63466086,0.02114664,2,1,0,0,15908.6967,30049.76043,46842.27363,70705.31867,10.43193226,19.70476094,30.716245,46.36414339,GRPs,CPP,06-Dec-15,02-Dec-18,1525,529121.85,157,694690,659676.3566,38.55168306,9,1983.99263,1483.848576,4.700916723,,10-Dec-17,02-Dec-18,0,0,52,199521.4213,194757.5839,0,1,0,1809.871105,0,,11-Dec-16,03-Dec-17,1525,388877.85,52,255542.4466,237858.8865,36.42883841,7,1494.231623,1379.988248,4.824046427,
Sales,Dish Care,National,TV NM FIC,TV NM,Media,694690,0,2589.333476,1,0,347746.8381,228.0307135,393.4604578,122.8513439,0,6.299398412,0.05754773,2,1,0,0,6186.715384,11489.61428,16792.51319,25630.67802,4.056862547,7.534173301,11.01148406,16.80700198,GRPs,CPP,06-Dec-15,02-Dec-18,1525,347746.8381,157,694690,659676.3566,5.303039849,43,830.686231,1483.848576,3.03454128,,10-Dec-17,02-Dec-18,0,0,52,199521.4213,194757.5839,0,1,0,1809.871105,0,,11-Dec-16,03-Dec-17,1525,52179.2476,52,255542.4466,237858.8865,6.843180013,5,144.3102692,1379.988248,3.560675779,
Sales,Dish Care,National,TV NM Fiyat & Promosyon,TV NM,Media,694690,0,2589.333476,1,0,464874.4,304.8356721,609.6713443,61.62266022,0,270.0329134,0.01009093,2,1,0,0,28212.5,54137.5,84637.5,127337.5,18.5,35.5,55.5,83.5,GRPs,CPP,06-Dec-15,02-Dec-18,1525,464874.4,157,694690,659676.3566,38.10445902,8,746.4983698,1483.848576,2.192954689,,10-Dec-17,02-Dec-18,1525,99314,52,199521.4213,194757.5839,32.56196721,2,188.9812146,1809.871105,3.054369886,,11-Dec-16,03-Dec-17,1525,365560.4,52,255542.4466,237858.8865,39.95195628,6,557.5171552,1379.988248,1.958928824,
Sales,Dish Care,National,TV NM Kampanya,TV NM,Media,694690,0,2589.333476,1,0,352986.48,231.4665443,399.3888852,33.88023251,0,22.33890713,0.01539818,2,1,0,0,22095.41209,40655.55824,64518.60328,97219.81317,14.48879481,26.65938245,42.30728084,63.75069716,GRPs,CPP,06-Dec-15,02-Dec-18,1525,352986.48,157,694690,659676.3566,46.29330885,5,668.3237108,1483.848576,2.343008508,,10-Dec-17,02-Dec-18,0,0,52,199521.4213,194757.5839,0,1,0,1809.871105,0,,11-Dec-16,03-Dec-17,0,0,52,255542.4466,237858.8865,0,0,0.176358746,1379.988248,0,
Sales,Laundry,National,Digital - Display MC,DIGITAL,Media,1078320,0,2705.775365,1,0,3098013.913,67686.8553,82221.74338,107.8023528,1,290.0068229,0.001111087,2,1,0,0,12396.31441,24001.3747,38017.87553,57497.79805,270.84047,524.39325,830.63231,1256.23876,Impressions,CPP,06-Dec-15,02-Dec-18,45.769801,3098013.913,157,1078320,1035493.708,752.07617,90,7879.743264,1909.886667,4.480762396,,10-Dec-17,02-Dec-18,40.369329,120103.25,52,353525,342082.5103,330.56793,9,374.5793598,2301.92,6.285732474,,11-Dec-16,03-Dec-17,25.656356,709973.9922,52,392214.2693,297656.4419,768.6789,36,4251.203594,1783.92,10.91998271,
Sales,Laundry,National,Digital - VOD LAUNDRY,DIGITAL,Media,1078320,0,2705.775365,1,0,100000,1666.833,2876.072548,38.86337439,0,2348.833527,0.000357034,2,1,0,0,80735.0989,156567.6789,248185.6744,375477.3182,1345.719262,2609.721721,4136.840694,6258.579806,Impressions,CPP,06-Dec-15,02-Dec-18,59.994013,100000,157,1078320,1035493.708,416.70825,4,599.4989262,1909.886667,12.07604231,,10-Dec-17,02-Dec-18,59.994013,100000,52,353525,342082.5103,416.70825,4,599.4989262,2301.92,12.07604231,,11-Dec-16,03-Dec-17,0,0,52,392214.2693,297656.4419,0,0,0,1783.92,0,
Sales,Laundry,National,OOH Duvar ALL,OOH,Media,1078320,0,2705.775365,1,0,2199190.155,2199190.155,2760557.702,61.85693672,0,37.82704024,7.70E-05,2,1,0,0,3784.073497,7329.152879,11591.21461,17526.23515,3784.073497,7329.152879,11591.21461,17526.23515,Spends,CPP,06-Dec-15,02-Dec-18,1,2199190.155,157,1078320,1035493.708,22672.06346,97,2026.086782,1909.886667,2.084483579,,10-Dec-17,02-Dec-18,1,1954239.316,52,353525,342082.5103,37581.52532,52,1967.149938,2301.92,2.289648892,,11-Dec-16,03-Dec-17,1,244950.8388,52,392214.2693,297656.4419,5443.351973,45,58.93684378,1783.92,0.447656681,
Sales,Laundry,National,OOH Totem ALL,OOH,Media,1078320,0,2705.775365,1,0,927258.0644,927258.0644,957123.569,72.45685296,0,18.68921861,0.000179,2,1,0,0,1986.033041,3850.966506,6054.978782,9155.127919,1986.033041,3850.966506,6054.978782,9155.127919,Spends,CPP,06-Dec-15,02-Dec-18,1,927258.0644,157,1078320,1035493.708,9180.772915,101,2901.49456,1909.886667,5.369483431,,10-Dec-17,02-Dec-18,1,87578.49462,52,353525,342082.5103,3649.103943,24,163.4166041,2301.92,3.761814187,,11-Dec-16,03-Dec-17,1,636837.2759,52,392214.2693,297656.4419,12487.00541,51,2228.912378,1783.92,6.010925501,
Sales,Laundry,National,PR and Sponsorship,PR,Media,1078320,0,2705.775365,1,0,2967058.45,2967058.45,3604192.214,62.45292743,1,28.45079037,0.0000776,2,1,0,0,4319.697249,8639.394498,12959.09175,17278.789,4319.697249,8639.394498,12959.09175,17278.789,Spends,CPP,06-Dec-15,02-Dec-18,1,2967058.45,157,1078320,1035493.708,24122.42643,123,3342.331702,1909.886667,2.102266795,,10-Dec-17,02-Dec-18,1,1424588.613,52,353525,342082.5103,35614.71534,40,1138.481884,2301.92,1.723541326,,11-Dec-16,03-Dec-17,1,558500.5152,52,392214.2693,297656.4419,13962.51288,40,995.505323,1783.92,3.24046725,
Sales,Laundry,National,TV M Ceyiz Kampanyasi,TV M,Media,1078320,0,2705.775365,1,0,398844.39,211.295,364.5834639,29.28666922,1,3168.862532,0.0025,2,1,0,0,160814.0005,309594.3001,490099.8109,742807.5259,85.19411348,164.0131572,259.639203,393.515667,GRPs,CPP,06-Dec-15,02-Dec-18,1887.618685,398844.39,157,1078320,1035493.708,105.6475,2,1189.075455,1909.886667,6.576811765,,10-Dec-17,02-Dec-18,1887.618685,398844.39,52,353525,342082.5103,105.6475,2,1189.075455,2301.92,6.576811765,,11-Dec-16,03-Dec-17,0,0,52,392214.2693,297656.4419,0,0,0,1783.92,0,
Sales,Laundry,National,TV M Degisim Kampanyasi,TV M,Media,1078320,0,2705.775365,1,0,1881323.41,1166.546333,1934.09076,81.21092167,1,1370.284613,0.005,2,1,0,0,55444.88219,106026.1782,167307.3639,253879.1975,34.37953501,65.74332133,103.7417548,157.4220814,GRPs,CPP,06-Dec-15,02-Dec-18,1612.729264,1881323.41,157,1078320,1035493.708,129.6162593,9,7800.28471,1909.886667,6.772615997,,10-Dec-17,02-Dec-18,0,0,52,353525,342082.5103,0,1,0,2301.92,0,,11-Dec-16,03-Dec-17,1533.068198,1292850.72,52,392214.2693,297656.4419,140.5515556,6,5810.979385,1783.92,7.344961255,
Sales,Laundry,National,TV M Fiyat & Promosyon,TV M,Media,1078320,0,2705.775365,1,0,2406042.867,1605.058,7177.601947,97.5779456,0,743.8138131,0.002,2,1,0,0,61344.42224,118666.2594,187720.6363,284262.678,40.92252762,79.16161081,125.2274069,189.6300734,GRPs,CPP,06-Dec-15,02-Dec-18,1499.037958,2406042.867,157,1078320,1035493.708,100.316125,16,7893.93195,1909.886667,5.933865367,,10-Dec-17,02-Dec-18,1380.982501,760455.967,52,353525,342082.5103,110.1326,5,2087.110525,2301.92,6.107489809,,11-Dec-16,03-Dec-17,1804.038462,808642.2,52,392214.2693,297656.4419,89.64799999,5,2266.811081,1783.92,4.631881393,
Sales,Laundry,National,TV M Kampanya,TV M,Media,1078320,0,2705.775365,1,0,2673807.2,1521.764333,5092.374303,153.5648888,0,969.1800877,0.0028,2,1,0,0,68782.99246,132840.4358,210024.4045,317661.9118,39.14699035,75.60449282,119.532795,180.7933524,GRPs,CPP,06-Dec-15,02-Dec-18,1757.044203,2673807.2,157,1078320,1035493.708,101.4509556,15,7342.882622,1909.886667,5.467359023,,10-Dec-17,02-Dec-18,1696.446978,1055072.4,52,353525,342082.5103,103.6551111,6,3401.753114,2301.92,7.534601865,,11-Dec-16,03-Dec-17,1965.688054,547149.27,52,392214.2693,297656.4419,92.78333334,3,752.8474048,1783.92,2.73666572,
Sales,Laundry,National,TV NM Degisim Kampanyasi,TV NM,Media,1078320,0,2705.775365,1,0,529121.85,346.9651475,529.1138356,79.22145151,1,162.5465055,0.02,2,1,0,0,19000.28779,36000.54528,56000.84821,84001.27232,12.45920511,23.60691494,36.72186768,55.08280152,GRPs,CPP,06-Dec-15,02-Dec-18,1525,529121.85,157,1078320,1035493.708,38.55168306,9,1068.975777,1909.886667,3.295636466,,10-Dec-17,02-Dec-18,0,0,52,353525,342082.5103,0,1,0,2301.92,0,,11-Dec-16,03-Dec-17,1525,388877.85,52,392214.2693,297656.4419,36.42883841,7,806.3676032,1783.92,3.382170196,
Sales,Laundry,National,TV NM Fiyat & Promosyon,TV NM,Media,1078320,0,2705.775365,1,0,881700.54,578.1642885,1156.328577,80.4022573,0,64.03857944,0.02,2,1,0,0,14487.5,27450,42700,64050,9.5,18,28,42,GRPs,CPP,06-Dec-15,02-Dec-18,1525,881700.54,157,1078320,1035493.708,41.29744918,14,781.9860104,1909.886667,1.498753307,,10-Dec-17,02-Dec-18,1525,99314,52,353525,342082.5103,32.56196721,2,104.4238949,2301.92,2.078482499,,11-Dec-16,03-Dec-17,1525,365560.4,52,392214.2693,297656.4419,39.95195628,6,355.4418935,1783.92,1.59032822,
